[
  {
    "id": 1,
    "icon": "icon-pencil",
    "title": "User Experience",
    "text": "User experience design is the process of enhancing user satisfaction"
  },
  {
    "id": 2,
    "icon": "icon-tablet",
    "title": "Responsive Layout",
    "text": "Responsive design is an approach to web page creation that makes use of flexible layouts"
  },
  {
    "id": 3,
    "icon": "icon-pictures",
    "title": "Digital Solutions",
    "text": "Digital Solution is a series of a solution provided by a digital marketing agency or consultant"
  }
]
