[
  {
    "id": 1,
    "title": "Concepts",
    "path": "#home",
    "subMenu": [
      {
        "id": 1,
        "title": "Main Demo",
        "path": "home-main"
      },
      {
        "id": 2,
        "title": "Home Creative Agency",
        "path": "home-creative-agency"
      },
      {
        "id": 3,
        "title": "Home Digital",
        "path": "home-digital"
      },
      {
        "id": 4,
        "title": "Home Minimal Agency",
        "path": "home-minimal-agency"
      },
      {
        "id": 5,
        "title": "Home Business",
        "path": "home-business"
      },
      {
        "id": 6,
        "title": "Home Studio",
        "path": "home-studio"
      },
      {
        "id": 7,
        "title": "Home Startup",
        "path": "home-startup"
      },
      {
        "id": 8,
        "title": "Home Marketing",
        "path": "home-marketing"
      },
      {
        "id": 9,
        "title": "Home Parallax",
        "path": "home-parallax"
      },
      {
        "id": 10,
        "title": "Home Image Background",
        "path": "home-image-bg"
      },
      {
        "id": 11,
        "title": "Home Video Background",
        "path": "home-video-bg"
      },
      {
        "id": 12,
        "title": "Home Kenburn",
        "path": "home-kenburn"
      }
    ]
  },
  {
    "id": 2,
    "title": "Features",
    "path": "#feature"
  },
  {
    "id": 3,
    "title": "About",
    "path": "#about"
  },
  {
    "id": 4,
    "title": "Portfolio",
    "path": "#portfolio"
  },
  {
    "id": 5,
    "title": "Team",
    "path": "#team"
  },
  {
    "id": 6,
    "title": "Contact",
    "path": "#contact"
  }
]
