[
  {
    "id": 1,
    "image": "post/post-01.jpg",
    "description": "Post 01",
    "type": "image",
    "published": "January 15, 2018",
    "title": "Creating a website for your business",
    "text": "If you’re looking to create a website for your business, then you’ve probably come across the term content management system, or CMS...",
    "tags": ["Design", "Branding", "Stationery", "Development", "Concept"],
    "comments": []
  },
  {
    "id": 2,
    "image": "post/post-02.jpg",
    "type": "slide",
    "description": "Post 02",
    "slides": ["post/post-02.jpg", "post/post-08.jpg", "post/post-09.jpg"],
    "published": "September 28, 2017",
    "title": "A guide to content management systems",
    "text": "The days of weighing up whether or not you need a website for your business are long gone. These days, if you...",
    "tags": ["Design", "Branding", "Stationery", "Development", "Concept"],
    "comments": [
      {
        "id": 1,
        "image": "team/avatar-1.jpg",
        "title": "Karl Casey",
        "text": "Lorem ipsum dolor sit amet, consectetur adipiscing elit. Nunc quam justo, ullamcorper tincidunt pellentesque in, condimentum ut enim.",
        "reply": [
          {
            "id": 1,
            "image": "team/avatar-2.jpg",
            "title": "Lynda Stone",
            "text": "Lorem ipsum dolor sit amet, consectetur adipiscing elit."
          }
        ]
      },
      {
        "id": 2,
        "image": "team/avatar-3.jpg",
        "title": "Roland Buford",
        "text": "Lorem ipsum dolor sit amet, consectetur adipiscing elit. Nunc quam justo, ullamcorper tincidunt pellentesque in, condimentum ut enim.",
        "reply": {}
      }
    ]
  },
  {
    "id": 3,
    "image": "post/post-03.jpg",
    "type": "image",
    "description": "Post 03",
    "published": "March 23, 2019",
    "title": "Writing great content for your website",
    "text": "If you’re looking to create a website for your business, then you’ve probably come across the term content management system, or CMS...",
    "tags": ["Design", "Branding", "Stationery", "Development", "Concept"],
    "comments": []
  },
  {
    "id": 4,
    "image": "post/post-04.jpg",
    "type": "image",
    "description": "Post 04",
    "published": "March 22, 2019",
    "title": "Coding by the digital campfire",
    "text": "If you’re looking to create a website for your business, then you’ve probably come across the term content management system, or CMS...",
    "tags": ["Design", "Branding", "Stationery", "Development", "Concept"],
    "comments": []
  },
  {
    "id": 5,
    "image": "post/post-05.jpg",
    "type": "video",
    "description": "Post 05",
    "video": "parallax-video.mp4",
    "published": "November 2, 2018",
    "title": "Why Good Website Navigation Is Required",
    "text": "The days of weighing up whether or not you need a website for your business are long gone. These days, if you...",
    "tags": ["Design", "Branding", "Stationery", "Development", "Concept"],
    "comments": []
  },
  {
    "id": 6,
    "image": "post/post-06.jpg",
    "type": "image",
    "description": "Post 06",
    "published": "April 9, 2019",
    "title": "Web Design Elements That Will Inspire You",
    "text": "There’s a popular saying in the world of web design and creation: Content is king. That’s because no matter how good your...",
    "tags": ["Design", "Branding", "Stationery", "Development", "Concept"],
    "comments": []
  }
]
