[
  {
    "id": 1,
    "title": "Main Home",
    "image": "demo-imgs/demo-1.jpg",
    "path": "home-main"
  },
  {
    "id": 2,
    "title": "Home Creative Agency",
    "image": "demo-imgs/demo-2.jpg",
    "path": "home-creative-agency"
  },
  {
    "id": 3,
    "title": "Home Digital",
    "image": "demo-imgs/demo-3.jpg",
    "path": "home-digital"
  },
  {
    "id": 4,
    "title": "Home Minimal Agency",
    "image": "demo-imgs/demo-4.jpg",
    "path": "home-minimal-agency"
  },
  {
    "id": 5,
    "title": "Home Business",
    "image": "demo-imgs/demo-5.jpg",
    "path": "home-business"
  },
  {
    "id": 6,
    "title": "Home Studio",
    "image": "demo-imgs/demo-6.jpg",
    "path": "home-studio"
  },
  {
    "id": 7,
    "title": "Home Startup",
    "image": "demo-imgs/demo-7.jpg",
    "path": "home-startup"
  },
  {
    "id": 8,
    "title": "Home Marketing",
    "image": "demo-imgs/demo-8.jpg",
    "path": "home-marketing"
  },
  {
    "id": 9,
    "title": "Main Parallax",
    "image": "demo-imgs/demo-9.jpg",
    "path": "home-parallax"
  },
  {
    "id": 10,
    "title": "Home Image BG",
    "image": "demo-imgs/demo-10.jpg",
    "path": "home-image-bg"
  },
  {
    "id": 11,
    "title": "Home Video BG",
    "image": "demo-imgs/demo-11.jpg",
    "path": "home-video-bg"
  },
  {
    "id": 12,
    "title": "Home Kenburn",
    "image": "demo-imgs/demo-12.jpg",
    "path": "home-kenburn"
  },
  {
    "id": 13,
    "title": "Blog",
    "image": "demo-imgs/demo-13.jpg",
    "path": "blog"
  },
  {
    "id": 14,
    "title": "Blog Details",
    "image": "demo-imgs/demo-14.jpg",
    "path": "blog-details"
  },
  {
    "id": 15,
    "title": "Counters",
    "image": "demo-imgs/demo-15.jpg",
    "path": "counters"
  },
  {
    "id": 16,
    "title": "Countdown",
    "image": "demo-imgs/demo-16.jpg",
    "path": "countdown"
  },
  {
    "id": 17,
    "title": "Testimonials",
    "image": "demo-imgs/demo-17.jpg",
    "path": "testimonials"
  },
  {
    "id": 18,
    "title": "Pricings",
    "image": "demo-imgs/demo-18.jpg",
    "path": "pricings"
  },
  {
    "id": 19,
    "title": "404 Page",
    "image": "demo-imgs/demo-19.jpg",
    "path": "404-page"
  },
  {
    "id": 20,
    "title": "Coming Soon",
    "image": "demo-imgs/demo-20.jpg",
    "path": "coming-soon"
  },
  {
    "id": 21,
    "title": "Portfolio",
    "image": "demo-imgs/demo-21.jpg",
    "path": "portfolio"
  }
]
