[
  {
    "id": 1,
    "image": "grid/1.jpg",
    "title": "Creative design",
    "categories": ["Branding"]
  },
  {
    "id": 2,
    "image": "grid/2.jpg",
    "title": "Cup design",
    "categories": ["Creative Design"]
  },
  {
    "id": 3,
    "image": "grid/7.jpg",
    "title": "Leafs",
    "categories": ["Creative Design", "Branding"]
  },
  {
    "id": 4,
    "image": "grid/8.jpg",
    "title": "Poha House",
    "categories": ["Web Design"]
  },
  {
    "id": 5,
    "image": "grid/9.jpg",
    "title": "Creative design",
    "categories": ["Stationery", "Photography"]
  },
  {
    "id": 6,
    "image": "grid/10.jpg",
    "title": "Poha Business Card",
    "categories": ["Branding", "Web Design"]
  },
  {
    "id": 7,
    "image": "grid/11.jpg",
    "title": "Nobel Ones",
    "categories": ["Web Design"]
  },
  {
    "id": 8,
    "image": "grid/12.jpg",
    "title": "MUT",
    "categories": ["Stationery"]
  },
  {
    "id": 9,
    "image": "grid/13.jpg",
    "title": "FESTIVAL",
    "categories": ["Stationery"]
  }
]
